{
    "AX": {
        "error": 0.0045988168977091235, 
        "filter_outliers_dict": {
            "filter_outliers": true, 
            "iterations": 1, 
            "std_devs": 2
        }, 
        "fit": "average", 
        "value": -0.06590493111041877
    }, 
    "CDD": {
        "error": 3.7716850228618652e-06, 
        "filter_outliers_dict": {
            "filter_outliers": true, 
            "iterations": 1, 
            "std_devs": 10
        }, 
        "fit": "average", 
        "value": 1.2405450933469749e-05
    }, 
    "H1": {
        "error": 0.003339874520114612, 
        "filter_outliers_dict": {
            "filter_outliers": true, 
            "iterations": 1, 
            "std_devs": 2
        }, 
        "fit": "average", 
        "value": -0.02978160968480314
    }, 
    "H2": {
        "error": 0.006183401881159838, 
        "filter_outliers_dict": {
            "filter_outliers": true, 
            "iterations": 1, 
            "std_devs": 2
        }, 
        "fit": "average", 
        "value": -0.20026269369831282
    }, 
    "L1": {
        "error": 0.001811921228003146, 
        "filter_outliers_dict": {
            "filter_outliers": true, 
            "iterations": 1, 
            "std_devs": 2
        }, 
        "fit": "average", 
        "value": -0.020215407139283607
    }, 
    "L2": {
        "error": 0.004281550571304277, 
        "filter_outliers_dict": {
            "filter_outliers": true, 
            "iterations": 1, 
            "std_devs": 2
        }, 
        "fit": "average", 
        "value": -0.032274870415083756
    }
}