{
    "Ar36": {
        "error": 0.00034628816508547235, 
        "filter_outliers_dict": {
            "filter_outliers": true, 
            "iterations": 1, 
            "std_devs": 2
        }, 
        "fit": "Linear", 
        "value": 0.016791065604298102
    }, 
    "Ar37": {
        "error": 0.011209379938566596, 
        "filter_outliers_dict": {
            "filter_outliers": true, 
            "iterations": 1, 
            "std_devs": 2
        }, 
        "fit": "linear", 
        "value": 0.8245165846066826
    }, 
    "Ar38": {
        "error": 0.005353898303062498, 
        "filter_outliers_dict": {
            "filter_outliers": true, 
            "iterations": 1, 
            "std_devs": 2
        }, 
        "fit": "linear", 
        "value": 2.520757089958213
    }, 
    "Ar39": {
        "error": 0.025774882837311164, 
        "filter_outliers_dict": {
            "filter_outliers": true, 
            "iterations": 1, 
            "std_devs": 2
        }, 
        "fit": "Linear", 
        "value": 193.23167899787092
    }, 
    "Ar40": {
        "error": 0.04920137930623649, 
        "filter_outliers_dict": {
            "filter_outliers": true, 
            "iterations": 1, 
            "std_devs": 2
        }, 
        "fit": "Linear", 
        "value": 799.8268678725715
    }, 
    "PM41": {
        "error": 0.06127017396716793, 
        "filter_outliers_dict": {
            "filter_outliers": false, 
            "iterations": 1, 
            "std_devs": 2
        }, 
        "fit": "linear", 
        "value": -0.13173245567686298
    }
}