{
    "Ar36": {
        "error": 0.0003419747162839365, 
        "filter_outliers_dict": {
            "filter_outliers": true, 
            "iterations": 1, 
            "std_devs": 2
        }, 
        "fit": "Parabolic", 
        "value": 0.028664584493555145
    }, 
    "Ar37": {
        "error": 0.005062218834628341, 
        "filter_outliers_dict": {
            "filter_outliers": true, 
            "iterations": 1, 
            "std_devs": 2
        }, 
        "fit": "linear", 
        "value": 0.014656812425274893
    }, 
    "Ar38": {
        "error": 0.0023568143740934607, 
        "filter_outliers_dict": {
            "filter_outliers": true, 
            "iterations": 1, 
            "std_devs": 2
        }, 
        "fit": "linear", 
        "value": 0.8606664878841348
    }, 
    "Ar39": {
        "error": 0.012825273934205416, 
        "filter_outliers_dict": {
            "filter_outliers": true, 
            "iterations": 1, 
            "std_devs": 2
        }, 
        "fit": "Parabolic", 
        "value": 66.89583045139715
    }, 
    "Ar40": {
        "error": 0.034828249497089944, 
        "filter_outliers_dict": {
            "filter_outliers": true, 
            "iterations": 1, 
            "std_devs": 2
        }, 
        "fit": "Parabolic", 
        "value": 832.9016474335714
    }, 
    "PM41": {
        "error": 0.06689059213972948, 
        "filter_outliers_dict": {
            "filter_outliers": false, 
            "iterations": 1, 
            "std_devs": 2
        }, 
        "fit": "linear", 
        "value": -0.1334761570739023
    }
}