{
    "Ar36": {
        "error": 0.00018447641131926143, 
        "filter_outliers_dict": {
            "filter_outliers": true, 
            "iterations": 1, 
            "std_devs": 2
        }, 
        "fit": "Parabolic", 
        "value": 0.005444102738283356
    }, 
    "Ar37": {
        "error": 0.0049633723038015765, 
        "filter_outliers_dict": {
            "filter_outliers": true, 
            "iterations": 1, 
            "std_devs": 2
        }, 
        "fit": "linear", 
        "value": 0.01853348924805413
    }, 
    "Ar38": {
        "error": 0.002167353134243839, 
        "filter_outliers_dict": {
            "filter_outliers": true, 
            "iterations": 1, 
            "std_devs": 2
        }, 
        "fit": "linear", 
        "value": -0.01550538859713295
    }, 
    "Ar39": {
        "error": 0.00855725199458003, 
        "filter_outliers_dict": {
            "filter_outliers": true, 
            "iterations": 1, 
            "std_devs": 2
        }, 
        "fit": "Parabolic", 
        "value": -0.03787179277663408
    }, 
    "Ar40": {
        "error": 0.00685647933922804, 
        "filter_outliers_dict": {
            "filter_outliers": true, 
            "iterations": 1, 
            "std_devs": 2
        }, 
        "fit": "Parabolic", 
        "value": 0.42224752673527854
    }, 
    "PM41": {
        "error": 0.05873501944570093, 
        "filter_outliers_dict": {
            "filter_outliers": false, 
            "iterations": 1, 
            "std_devs": 2
        }, 
        "fit": "linear", 
        "value": -0.1839464908663883
    }
}